<?xml version="1.0" encoding="utf-8" ?><dwsync><file name="blank.gif" server="webdesignandsuch.com/www/webdesignandsuch/posts/fancymoves/" local="-3881075539796033536" remote="-3880990499425681408" /><file name="fancy_close.png" server="webdesignandsuch.com/www/webdesignandsuch/posts/fancymoves/" local="-3881075539796033536" remote="-3880990499425681408" /><file name="fancy_loading.png" server="webdesignandsuch.com/www/webdesignandsuch/posts/fancymoves/" local="-3881075539796033536" remote="-3880990499425681408" /><file name="fancy_nav_left.png" server="webdesignandsuch.com/www/webdesignandsuch/posts/fancymoves/" local="-3881075282097995776" remote="-3880990499425681408" /><file name="fancy_nav_right.png" server="webdesignandsuch.com/www/webdesignandsuch/posts/fancymoves/" local="-3881075282097995776" remote="-3880990499425681408" /><file name="fancy_shadow_e.png" server="webdesignandsuch.com/www/webdesignandsuch/posts/fancymoves/" local="-3881075282097995776" remote="-3880990499425681408" /><file name="fancy_shadow_n.png" server="webdesignandsuch.com/www/webdesignandsuch/posts/fancymoves/" local="-3881075282097995776" remote="-3880990499425681408" /><file name="fancy_shadow_ne.png" server="webdesignandsuch.com/www/webdesignandsuch/posts/fancymoves/" local="-3881075282097995776" remote="-3880990499425681408" /><file name="fancy_shadow_nw.png" server="webdesignandsuch.com/www/webdesignandsuch/posts/fancymoves/" local="-3881075282097995776" remote="-3880990499425681408" /><file name="fancy_shadow_s.png" server="webdesignandsuch.com/www/webdesignandsuch/posts/fancymoves/" local="-3881075282097995776" remote="-3880990499425681408" /><file name="fancy_shadow_se.png" server="webdesignandsuch.com/www/webdesignandsuch/posts/fancymoves/" local="-3881075282097995776" remote="-3880990499425681408" /><file name="fancy_shadow_sw.png" server="webdesignandsuch.com/www/webdesignandsuch/posts/fancymoves/" local="-3881075282097995776" remote="-3880990499425681408" /><file name="fancy_shadow_w.png" server="webdesignandsuch.com/www/webdesignandsuch/posts/fancymoves/" local="-3881075282097995776" remote="-3880990499425681408" /><file name="fancy_title_left.png" server="webdesignandsuch.com/www/webdesignandsuch/posts/fancymoves/" local="-3881075282097995776" remote="-3880990499425681408" /><file name="fancy_title_main.png" server="webdesignandsuch.com/www/webdesignandsuch/posts/fancymoves/" local="-3881075282097995776" remote="-3880990499425681408" /><file name="fancy_title_over.png" server="webdesignandsuch.com/www/webdesignandsuch/posts/fancymoves/" local="-3881075282097995776" remote="-3880990499425681408" /><file name="fancy_title_right.png" server="webdesignandsuch.com/www/webdesignandsuch/posts/fancymoves/" local="-3881075282097995776" remote="-3880990499425681408" /><file name="fancybox-x.png" server="webdesignandsuch.com/www/webdesignandsuch/posts/fancymoves/" local="-3881075282097995776" remote="-3880990499425681408" /><file name="fancybox-y.png" server="webdesignandsuch.com/www/webdesignandsuch/posts/fancymoves/" local="-3881075282097995776" remote="-3880990499425681408" /><file name="fancybox.png" server="webdesignandsuch.com/www/webdesignandsuch/posts/fancymoves/" local="-3881075282097995776" remote="-3880990499425681408" /><file name="jquery.easing-1.3.pack.js" server="webdesignandsuch.com/www/webdesignandsuch/posts/fancymoves/" local="-3881075282097995776" remote="-3880990499425681408" /><file name="jquery.fancybox-1.3.4.css" server="webdesignandsuch.com/www/webdesignandsuch/posts/fancymoves/" local="-3881075282097995776" remote="-3880990499425681408" /><file name="jquery.fancybox-1.3.4.js" server="webdesignandsuch.com/www/webdesignandsuch/posts/fancymoves/" local="-3881075282097995776" remote="-3880990499425681408" /><file name="jquery.fancybox-1.3.4.pack.js" server="webdesignandsuch.com/www/webdesignandsuch/posts/fancymoves/" local="-3881075282097995776" remote="-3880990499425681408" /><file name="jquery.mousewheel-3.0.4.pack.js" server="webdesignandsuch.com/www/webdesignandsuch/posts/fancymoves/" local="-3881075282097995776" remote="-3880990499425681408" /></dwsync>