<?xml version="1.0" encoding="utf-8" ?><dwsync><file name="1-2.jpg" server="webdesignandsuch.com/www/webdesignandsuch/posts/fancymoves/" local="-3880987407067119616" remote="-3881011115286593536" /><file name="1-3.jpg" server="webdesignandsuch.com/www/webdesignandsuch/posts/fancymoves/" local="-3881086053875974144" remote="-3881011115286593536" /><file name="2-2.jpg" server="webdesignandsuch.com/www/webdesignandsuch/posts/fancymoves/" local="-3881086053875974144" remote="-3881011115286593536" /><file name="2-3.jpg" server="webdesignandsuch.com/www/webdesignandsuch/posts/fancymoves/" local="-3880986977570390016" remote="-3881011115286593536" /><file name="3-2.jpg" server="webdesignandsuch.com/www/webdesignandsuch/posts/fancymoves/" local="-3880986621088104448" remote="-3881011115286593536" /><file name="3-3.jpg" server="webdesignandsuch.com/www/webdesignandsuch/posts/fancymoves/" local="-3880986548073660416" remote="-3881011115286593536" /><file name="4-2.jpg" server="webdesignandsuch.com/www/webdesignandsuch/posts/fancymoves/" local="-3881086053875974144" remote="-3881011115286593536" /><file name="4-3.jpg" server="webdesignandsuch.com/www/webdesignandsuch/posts/fancymoves/" local="-3881086053875974144" remote="-3881011115286593536" /><file name="5-2.jpg" server="webdesignandsuch.com/www/webdesignandsuch/posts/fancymoves/" local="-3881086049581006848" remote="-3881011115286593536" /><file name="6-2.jpg" server="webdesignandsuch.com/www/webdesignandsuch/posts/fancymoves/" local="-3880988042722279424" remote="-3881011115286593536" /><file name="6-3.jpg" server="webdesignandsuch.com/www/webdesignandsuch/posts/fancymoves/" local="-3880987948232998912" remote="-3881011115286593536" /><file name="7-2.jpg" server="webdesignandsuch.com/www/webdesignandsuch/posts/fancymoves/" local="-3880986286080655360" remote="-3881011115286593536" /><file name="7-3.jpg" server="webdesignandsuch.com/www/webdesignandsuch/posts/fancymoves/" local="-3880986195886342144" remote="-3881011115286593536" /><file name="8-2.jpg" server="webdesignandsuch.com/www/webdesignandsuch/posts/fancymoves/" local="-3880985994022879232" remote="-3881011115286593536" /><file name="8-3.jpg" server="webdesignandsuch.com/www/webdesignandsuch/posts/fancymoves/" local="-3880985830814121984" remote="-3881011115286593536" /><file name="9-2.jpg" server="webdesignandsuch.com/www/webdesignandsuch/posts/fancymoves/" local="-3880985641835560960" remote="-3881011115286593536" /><file name="9-3.jpg" server="webdesignandsuch.com/www/webdesignandsuch/posts/fancymoves/" local="-3880985555936215040" remote="-3881011115286593536" /><file name="arrow-left.png" server="webdesignandsuch.com/www/webdesignandsuch/posts/fancymoves/" local="-3881086049581006848" remote="-3881011115286593536" /><file name="arrow-right.png" server="webdesignandsuch.com/www/webdesignandsuch/posts/fancymoves/" local="-3881086049581006848" remote="-3881011115286593536" /><file name="img1.jpg" server="webdesignandsuch.com/www/webdesignandsuch/posts/fancymoves/" local="-3880990366299586560" remote="-3881011115286593536" /><file name="img2.jpg" server="webdesignandsuch.com/www/webdesignandsuch/posts/fancymoves/" local="-3880990645472460800" remote="-3881010857588555776" /><file name="img3.jpg" server="webdesignandsuch.com/www/webdesignandsuch/posts/fancymoves/" local="-3880990757141610496" remote="-3881010857588555776" /><file name="img4.jpg" server="webdesignandsuch.com/www/webdesignandsuch/posts/fancymoves/" local="-3880990701307035648" remote="-3881010857588555776" /><file name="img5.jpg" server="webdesignandsuch.com/www/webdesignandsuch/posts/fancymoves/" local="-3880990477968736256" remote="-3881010857588555776" /><file name="img6.jpg" server="webdesignandsuch.com/www/webdesignandsuch/posts/fancymoves/" local="-3880990542393245696" remote="-3881010857588555776" /><file name="img7.jpg" server="webdesignandsuch.com/www/webdesignandsuch/posts/fancymoves/" local="-3880990817271152640" remote="-3881010857588555776" /><file name="img8.jpg" server="webdesignandsuch.com/www/webdesignandsuch/posts/fancymoves/" local="-3880990920350367744" remote="-3881010857588555776" /><file name="img9.jpg" server="webdesignandsuch.com/www/webdesignandsuch/posts/fancymoves/" local="-3880990976184942592" remote="-3881010857588555776" /><file name="jquery-slider.png" server="webdesignandsuch.com/www/webdesignandsuch/posts/fancymoves/" local="-3881061856030228480" remote="-3881010857588555776" /><file name="pageBack.jpg" server="webdesignandsuch.com/www/webdesignandsuch/posts/fancymoves/" local="-3881063827420217344" remote="-3881010857588555776" /><file name="w-1.jpg" server="webdesignandsuch.com/www/webdesignandsuch/posts/fancymoves/" local="-3881086049581006848" remote="-3881010857588555776" /><file name="w-2.jpg" server="webdesignandsuch.com/www/webdesignandsuch/posts/fancymoves/" local="-3881086049581006848" remote="-3881010857588555776" /><file name="5-3.jpg" server="webdesignandsuch.com/www/webdesignandsuch/posts/fancymoves/" local="-3881086049581006848" remote="-3881011115286593536" /></dwsync>